[
  {
    "value": "7",
    "synonyms": [
      "দ্বারকা - দিল্লি",
      "3"
    ]
  },
  {
    "value": "8",
    "synonyms": [
      "গোয়া",
      "6"
    ]
  },
  {
    "value": "9",
    "synonyms": [
      "5",
      "জয়পুর"
    ]
  },
  {
    "value": "10",
    "synonyms": [
      "2",
      "ম্যাঙ্গালোর"
    ]
  },
  {
    "value": "11",
    "synonyms": [
      "7",
      "সেলাম"
    ]
  },
  {
    "value": "12",
    "synonyms": [
      "4",
      "বিজয়ওয়াদা"
    ]
  }
]