[
  {
    "value": "1",
    "synonyms": [
      "1",
      "ওল্ড এয়ারপোর্ট রোড"
    ]
  },
  {
    "value": "2",
    "synonyms": [
      "3",
      "জয়নগর"
    ]
  },
  {
    "value": "3",
    "synonyms": [
      "3",
      "মল্লেশ্বরম"
    ]
  },
  {
    "value": "4",
    "synonyms": [
      "2",
      "হোয়াইটফিল্ড"
    ]
  },
  {
    "value": "14",
    "synonyms": [
      "5",
      "এমএইচ-ক্লিনিক - ব্রুকফিল্ড"
    ]
  }
]