[
  {
    "value": "1",
    "synonyms": [
      "1",
      "Old Airport road",
      "ಹಳೆಯ ವಿಮಾನ ನಿಲ್ದಾಣ ರಸ್ತೆ",
      "పాత విమానాశ్రయం రోడ్",
      "ওল্ড এয়ারপোর্ট রোড",
      "പഴയ എയർപോർട്ട് റോഡ്",
      "பழைய விமான நிலைய சாலை",
      "जुना विमानतळ रोड"
    ]
  },
  {
    "value": "2",
    "synonyms": [
      "Jayanagar",
      "ಜಯನಗರ",
      "జయనగర్",
      "জয়নগর",
      "ജയനഗർ",
      "ஜெயநகர்",
      "3"
    ]
  },
  {
    "value": "3",
    "synonyms": [
      "Malleshwaram",
      "ಮಲ್ಲೇಶ್ವರಂ",
      "మల్లేశ్వరం",
      "মল্লেশ্বরম",
      "മല്ലേശ്വരം",
      "மல்லேஸ்வரம்",
      "4"
    ]
  },
  {
    "value": "4",
    "synonyms": [
      "Whitefield",
      "ವೈಟ್‌ಫೀಲ್ಡ್",
      "వైట్ఫీల్డ్",
      "হোয়াইটফিল্ড",
      "വൈറ്റ്ഫീൽഡ്",
      "வைட்ஃபீல்ட்",
      "2"
    ]
  },
  {
    "value": "14",
    "synonyms": [
      "MH Clinic - Brookefield",
      "ಎಮ್ಹೆಚ್-ಕ್ಲಿನಿಕ್ - ಬ್ರೂಕ್ಫೀಲ್ಡ್",
      "MH- క్లినిక్ - బ్రూక్‌ఫీల్డ్",
      "এমএইচ-ক্লিনিক - ব্রুকফিল্ড",
      "MH- ക്ലിനിക് - ബ്രൂക്ക്ഫീൽഡ്",
      "எம்.எச்-கிளினிக் - ப்ரூக்ஃபீல்ட்",
      "एमएच-क्लिनिक - ब्रूकफील्ड",
      "5"
    ]
  }
]