[
  {
    "value": "ಹಳೆಯ ವಿಮಾನ ನಿಲ್ದಾಣ ರಸ್ತೆ",
    "synonyms": [
      "ಹಳೆಯ ವಿಮಾನ ನಿಲ್ದಾಣ ರಸ್ತೆ",
      "1"
    ]
  },
  {
    "value": "ವೈಟ್‌ಫೀಲ್ಡ್",
    "synonyms": [
      "ವೈಟ್‌ಫೀಲ್ಡ್",
      "2"
    ]
  },
  {
    "value": "ಜಯನಗರ",
    "synonyms": [
      "ಜಯನಗರ",
      "3"
    ]
  },
  {
    "value": "ಮಲ್ಲೇಶ್ವರಂ",
    "synonyms": [
      "ಮಲ್ಲೇಶ್ವರಂ",
      "4"
    ]
  }
]