[
  {
    "value": "पुराना एयरपोर्ट रोड",
    "synonyms": [
      "पुराना एयरपोर्ट रोड",
      "1"
    ]
  },
  {
    "value": "व्हाइटफील्ड",
    "synonyms": [
      "व्हाइटफील्ड",
      "2"
    ]
  },
  {
    "value": "जयनगर",
    "synonyms": [
      "जयनगर",
      "3"
    ]
  },
  {
    "value": "मल्लेश्वरम",
    "synonyms": [
      "मल्लेश्वरम",
      "4"
    ]
  }
]