[
  {
    "value": "Salem",
    "synonyms": [
      "Salem",
      "7"
    ]
  },
  {
    "value": "Dwarka - Delhi",
    "synonyms": [
      "Dwarka - Delhi",
      "3"
    ]
  },
  {
    "value": "Goa",
    "synonyms": [
      "Goa",
      "6"
    ]
  },
  {
    "value": "Jaipur",
    "synonyms": [
      "Jaipur",
      "5"
    ]
  },
  {
    "value": "Vijayawada",
    "synonyms": [
      "Vijayawada",
      "4"
    ]
  },
  {
    "value": "Mangalore",
    "synonyms": [
      "Mangalore",
      "2"
    ]
  }
]