[
  {
    "value": "സേലം",
    "synonyms": [
      "സേലം",
      "7"
    ]
  },
  {
    "value": "ദ്വാരക - ദില്ലി",
    "synonyms": [
      "ദ്വാരക - ദില്ലി",
      "3"
    ]
  },
  {
    "value": "ഗോവ",
    "synonyms": [
      "ഗോവ",
      "6"
    ]
  },
  {
    "value": "ജയ്പൂർ",
    "synonyms": [
      "ജയ്പൂർ",
      "5"
    ]
  },
  {
    "value": "വിജയവാഡ",
    "synonyms": [
      "വിജയവാഡ",
      "4"
    ]
  },
  {
    "value": "മംഗലാപുരം",
    "synonyms": [
      "മംഗലാപുരം",
      "2"
    ]
  }
]