[
  {
    "value": "பழைய விமான நிலைய சாலை",
    "synonyms": [
      "பழைய விமான நிலைய சாலை",
      "1"
    ]
  },
  {
    "value": "வைட்ஃபீல்ட்",
    "synonyms": [
      "வைட்ஃபீல்ட்",
      "2"
    ]
  },
  {
    "value": "ஜெயநகர்",
    "synonyms": [
      "ஜெயநகர்",
      "3"
    ]
  },
  {
    "value": "மல்லேஸ்வரம்",
    "synonyms": [
      "மல்லேஸ்வரம்",
      "4"
    ]
  }
]