[
  {
    "value": "పాత విమానాశ్రయం రోడ్",
    "synonyms": [
      "పాత విమానాశ్రయం రోడ్",
      "1"
    ]
  },
  {
    "value": "వైట్ఫీల్డ్",
    "synonyms": [
      "వైట్ఫీల్డ్",
      "2"
    ]
  },
  {
    "value": "జయనగర్",
    "synonyms": [
      "జయనగర్",
      "3"
    ]
  },
  {
    "value": "మల్లేశ్వరం",
    "synonyms": [
      "మల్లేశ్వరం",
      "4"
    ]
  }
]