[
  {
    "value": "சேலம்",
    "synonyms": [
      "சேலம்",
      "7"
    ]
  },
  {
    "value": "துவாரகா - டெல்லி",
    "synonyms": [
      "துவாரகா - டெல்லி",
      "3"
    ]
  },
  {
    "value": "கோவா",
    "synonyms": [
      "கோவா",
      "6"
    ]
  },
  {
    "value": "ஜெய்ப்பூர்",
    "synonyms": [
      "ஜெய்ப்பூர்",
      "5"
    ]
  },
  {
    "value": "விஜயவாடா",
    "synonyms": [
      "விஜயவாடா",
      "4"
    ]
  },
  {
    "value": "மங்களூர்",
    "synonyms": [
      "மங்களூர்",
      "2"
    ]
  }
]