[
  {
    "value": "सालेम",
    "synonyms": [
      "सालेम"
    ]
  },
  {
    "value": "द्वारका - दिल्ली",
    "synonyms": [
      "द्वारका - दिल्ली"
    ]
  },
  {
    "value": "गोवा",
    "synonyms": [
      "गोवा"
    ]
  },
  {
    "value": "जयपूर",
    "synonyms": [
      "जयपूर"
    ]
  },
  {
    "value": "विजयवाडा",
    "synonyms": [
      "विजयवाडा"
    ]
  },
  {
    "value": "मंगलोर",
    "synonyms": [
      "मंगलोर"
    ]
  }
]