[
  {
    "value": "সেলাম",
    "synonyms": [
      "সেলাম",
      "7"
    ]
  },
  {
    "value": "দ্বারকা - দিল্লি",
    "synonyms": [
      "দ্বারকা - দিল্লি",
      "3"
    ]
  },
  {
    "value": "গোয়া",
    "synonyms": [
      "গোয়া",
      "6"
    ]
  },
  {
    "value": "জয়পুর",
    "synonyms": [
      "জয়পুর",
      "5"
    ]
  },
  {
    "value": "বিজয়ওয়াদা",
    "synonyms": [
      "বিজয়ওয়াদা",
      "4"
    ]
  },
  {
    "value": "ম্যাঙ্গালোর",
    "synonyms": [
      "ম্যাঙ্গালোর",
      "2"
    ]
  }
]