[
  {
    "value": "പഴയ എയർപോർട്ട് റോഡ്",
    "synonyms": [
      "പഴയ എയർപോർട്ട് റോഡ്",
      "1"
    ]
  },
  {
    "value": "വൈറ്റ്ഫീൽഡ്",
    "synonyms": [
      "വൈറ്റ്ഫീൽഡ്",
      "2"
    ]
  },
  {
    "value": "ജയനഗർ",
    "synonyms": [
      "ജയനഗർ",
      "3"
    ]
  },
  {
    "value": "മല്ലേശ്വരം",
    "synonyms": [
      "മല്ലേശ്വരം",
      "4"
    ]
  }
]