[
  {
    "value": "ಸೇಲಂ",
    "synonyms": [
      "ಸೇಲಂ",
      "7"
    ]
  },
  {
    "value": "ದ್ವಾರಕಾ - ದೆಹಲಿ",
    "synonyms": [
      "ದ್ವಾರಕಾ - ದೆಹಲಿ",
      "3"
    ]
  },
  {
    "value": "ಗೋವಾ",
    "synonyms": [
      "ಗೋವಾ",
      "6"
    ]
  },
  {
    "value": "ಜೈಪುರ",
    "synonyms": [
      "ಜೈಪುರ",
      "5"
    ]
  },
  {
    "value": "ವಿಜಯವಾಡ",
    "synonyms": [
      "ವಿಜಯವಾಡ",
      "4"
    ]
  },
  {
    "value": "ಮಂಗಳೂರು",
    "synonyms": [
      "ಮಂಗಳೂರು",
      "2"
    ]
  }
]