[
  {
    "value": "सलेम",
    "synonyms": [
      "सलेम",
      "7"
    ]
  },
  {
    "value": "द्वारका - दिल्ली",
    "synonyms": [
      "द्वारका - दिल्ली",
      "3"
    ]
  },
  {
    "value": "गोवा",
    "synonyms": [
      "गोवा",
      "6"
    ]
  },
  {
    "value": "जयपुर",
    "synonyms": [
      "जयपुर",
      "5"
    ]
  },
  {
    "value": "विजयवाड़ा",
    "synonyms": [
      "विजयवाड़ा",
      "4"
    ]
  },
  {
    "value": "मंगलौर",
    "synonyms": [
      "मंगलौर",
      "2"
    ]
  }
]