[
  {
    "value": "సేలం",
    "synonyms": [
      "సేలం",
      "7"
    ]
  },
  {
    "value": "ద్వారక - .ిల్లీ",
    "synonyms": [
      "ద్వారక - .ిల్లీ",
      "3"
    ]
  },
  {
    "value": "గోవా",
    "synonyms": [
      "గోవా",
      "6"
    ]
  },
  {
    "value": "జైపూర్",
    "synonyms": [
      "జైపూర్",
      "5"
    ]
  },
  {
    "value": "విజయవాడ",
    "synonyms": [
      "విజయవాడ",
      "4"
    ]
  },
  {
    "value": "మంగుళూరు",
    "synonyms": [
      "మంగుళూరు",
      "2"
    ]
  }
]