[
  {
    "value": "18001025555",
    "synonyms": [
      "18001025555"
    ]
  },
  {
    "value": "080-40091000",
    "synonyms": [
      "080-40091000"
    ]
  },
  {
    "value": "1800 102 5555",
    "synonyms": [
      "1800 102 5555"
    ]
  },
  {
    "value": "011 4967 4967",
    "synonyms": [
      "011 4967 4967"
    ]
  },
  {
    "value": "0832 6632500",
    "synonyms": [
      "0832 6632500"
    ]
  },
  {
    "value": "080-22221111",
    "synonyms": [
      "080-22221111"
    ]
  },
  {
    "value": "080-4009 1234",
    "synonyms": [
      "080-4009 1234"
    ]
  },
  {
    "value": "0427-234 6666",
    "synonyms": [
      "0427-234 6666"
    ]
  },
  {
    "value": "011-4040 7070",
    "synonyms": [
      "011-4040 7070"
    ]
  },
  {
    "value": "8888702222",
    "synonyms": [
      "8888702222"
    ]
  },
  {
    "value": "900133 3444",
    "synonyms": [
      "900133 3444"
    ]
  },
  {
    "value": "0866-2222 111",
    "synonyms": [
      "0866-2222 111"
    ]
  },
  {
    "value": "0824 2222 227",
    "synonyms": [
      "0824 2222 227"
    ]
  },
  {
    "value": "080 2502 3200 / 080 40119000",
    "synonyms": [
      "080 2502 3200 / 080 40119000"
    ]
  },
  {
    "value": "080 2502 7000",
    "synonyms": [
      "080 2502 7000"
    ]
  },
  {
    "value": "080 40091200",
    "synonyms": [
      "080 40091200"
    ]
  },
  {
    "value": "080 4900 7000",
    "synonyms": [
      "080 4900 7000"
    ]
  },
  {
    "value": "0427-234 6600 / 0427 234 6602",
    "synonyms": [
      "0427-234 6600 / 0427 234 6602"
    ]
  },
  {
    "value": "8326632500",
    "synonyms": [
      "8326632500"
    ]
  },
  {
    "value": "1800 102 5555 / +91-900133 3444",
    "synonyms": [
      "1800 102 5555 / +91-900133 3444"
    ]
  },
  {
    "value": "0866 246 9700",
    "synonyms": [
      "0866 246 9700"
    ]
  },
  {
    "value": "0824 2444590",
    "synonyms": [
      "0824 2444590"
    ]
  }
]