[
  {
    "value": "ওল্ড এয়ারপোর্ট রোড",
    "synonyms": [
      "ওল্ড এয়ারপোর্ট রোড",
      "1"
    ]
  },
  {
    "value": "হোয়াইটফিল্ড",
    "synonyms": [
      "হোয়াইটফিল্ড",
      "2"
    ]
  },
  {
    "value": "জয়নগর",
    "synonyms": [
      "জয়নগর",
      "3"
    ]
  },
  {
    "value": "মল্লেশ্বরম",
    "synonyms": [
      "মল্লেশ্বরম",
      "4"
    ]
  }
]