[
  {
    "value": "1",
    "synonyms": [
      "1"
    ]
  },
  {
    "value": "2",
    "synonyms": [
      "2"
    ]
  },
  {
    "value": "3",
    "synonyms": [
      "3"
    ]
  },
  {
    "value": "4",
    "synonyms": [
      "4"
    ]
  },
  {
    "value": "5",
    "synonyms": [
      "5"
    ]
  },
  {
    "value": "6",
    "synonyms": [
      "6"
    ]
  },
  {
    "value": "7",
    "synonyms": [
      "7"
    ]
  },
  {
    "value": "8",
    "synonyms": [
      "8"
    ]
  },
  {
    "value": "9",
    "synonyms": [
      "9"
    ]
  },
  {
    "value": "10",
    "synonyms": [
      "10"
    ]
  },
  {
    "value": "11",
    "synonyms": [
      "11"
    ]
  },
  {
    "value": "12",
    "synonyms": [
      "12"
    ]
  },
  {
    "value": "13",
    "synonyms": [
      "13"
    ]
  },
  {
    "value": "14",
    "synonyms": [
      "14"
    ]
  },
  {
    "value": "15",
    "synonyms": [
      "15"
    ]
  }
]