[
  {
    "value": "10",
    "synonyms": [
      "Old Airport Road",
      "पुराना एयरपोर्ट रोड",
      "ಹಳೆಯ ವಿಮಾನ ನಿಲ್ದಾಣ ರಸ್ತೆ",
      "పాత విమానాశ్రయం రోడ్",
      "ওল্ড এয়ারপোর্ট রোড",
      "പഴയ എയർപോർട്ട് റോഡ്",
      "பழைய விமான நிலைய சாலை",
      "जुना विमानतळ रोड",
      "1"
    ]
  },
  {
    "value": "9",
    "synonyms": [
      "Malleshwaram",
      "मल्लेश्वरम",
      "ಮಲ್ಲೇಶ್ವರಂ",
      "మల్లేశ్వరం",
      "মল্লেশ্বরম",
      "മല്ലേശ്വരം",
      "மல்லேஸ்வரம்",
      "4"
    ]
  },
  {
    "value": "8",
    "synonyms": [
      "Jayanagar",
      "जयनगर",
      "ஜெயநகர்",
      "ജയനഗർ",
      "জয়নগর",
      "జయనగర్",
      "ಜಯನಗರ",
      "3"
    ]
  },
  {
    "value": "7",
    "synonyms": [
      "Whitefield",
      "व्हाइटफील्ड",
      "ವೈಟ್‌ಫೀಲ್ಡ್",
      "వైట్ఫీల్డ్",
      "হোয়াইটফিল্ড",
      "വൈറ്റ്ഫീൽഡ്",
      "வைட்ஃபீல்ட்",
      "2"
    ]
  },
  {
    "value": "17",
    "synonyms": [
      "MH-Clinic - Brookefield",
      "एमएच-क्लिनिक - ब्रुकफिल्ड",
      "एमएच-क्लिनिक - ब्रूकफील्ड",
      "எம்.எச்-கிளினிக் - ப்ரூக்ஃபீல்ட்",
      "MH- ക്ലിനിക് - ബ്രൂക്ക്ഫീൽഡ്",
      "এমএইচ-ক্লিনিক - ব্রুকফিল্ড",
      "MH- క్లినిక్ - బ్రూక్‌ఫీల్డ్",
      "ಎಮ್ಹೆಚ್-ಕ್ಲಿನಿಕ್ - ಬ್ರೂಕ್ಫೀಲ್ಡ್",
      "5"
    ]
  }
]