[
  {
    "value": "5",
    "synonyms": [
      "Goa",
      "गोवा",
      "ಗೋವಾ",
      "గోవా",
      "গোয়া",
      "ഗോവ",
      "கோவா",
      "6"
    ]
  },
  {
    "value": "4",
    "synonyms": [
      "Salem",
      "सालेम",
      "சேலம்",
      "സേലം",
      "সেলাম",
      "సేలం",
      "ಸೇಲಂ",
      "सलेम",
      "7"
    ]
  },
  {
    "value": "6",
    "synonyms": [
      "Vijayawada",
      "विजयवाड़ा",
      "ವಿಜಯವಾಡ",
      "విజయవాడ",
      "বিজয়ওয়াদা",
      "വിജയവാഡ",
      "விஜயவாடா",
      "विजयवाडा",
      "4"
    ]
  },
  {
    "value": "12",
    "synonyms": [
      "Jaipur",
      "जयपूर",
      "ஜெய்ப்பூர்",
      "ജയ്പൂർ",
      "জয়পুর",
      "జైపూర్",
      "ಜೈಪುರ",
      "जयपुर",
      "5"
    ]
  },
  {
    "value": "3",
    "synonyms": [
      "Mangalore",
      "मंगलौर",
      "ಮಂಗಳೂರು",
      "మంగుళూరు",
      "ম্যাঙ্গালোর",
      "മംഗലാപുരം",
      "மங்களூர்",
      "मंगलोर",
      "2"
    ]
  },
  {
    "value": "13",
    "synonyms": [
      "Dwarka - Delhi",
      "द्वारका - दिल्ली",
      "ದ್ವಾರಕಾ - ದೆಹಲಿ",
      "ద్వారక - .ిల్లీ",
      "দ্বারকা - দিল্লি",
      "ദ്വാരക - ദില്ലി",
      "துவாரகா - டெல்லி",
      "3"
    ]
  }
]