[
  {
    "value": "7",
    "synonyms": [
      "द्वारका - दिल्ली",
      "3"
    ]
  },
  {
    "value": "8",
    "synonyms": [
      "गोवा",
      "6"
    ]
  },
  {
    "value": "9",
    "synonyms": [
      "जयपुर",
      "5"
    ]
  },
  {
    "value": "10",
    "synonyms": [
      "मंगलौर",
      "2"
    ]
  },
  {
    "value": "11",
    "synonyms": [
      "सलेम",
      "7"
    ]
  },
  {
    "value": "12",
    "synonyms": [
      "विजयवाड़ा",
      "4"
    ]
  }
]