[
  {
    "value": "1",
    "synonyms": [
      "1",
      "पुराना एयरपोर्ट रोड"
    ]
  },
  {
    "value": "2",
    "synonyms": [
      "जयनगर",
      "3"
    ]
  },
  {
    "value": "3",
    "synonyms": [
      "मल्लेश्वरम",
      "4"
    ]
  },
  {
    "value": "4",
    "synonyms": [
      "व्हाइटफील्ड",
      "2"
    ]
  },
  {
    "value": "14",
    "synonyms": [
      "एमएच-क्लिनिक - ब्रुकफिल्ड",
      "5"
    ]
  }
]