[
  {
    "value": "1",
    "synonyms": [
      "1",
      "ಹಳೆಯ ವಿಮಾನ ನಿಲ್ದಾಣ ರಸ್ತೆ"
    ]
  },
  {
    "value": "2",
    "synonyms": [
      "3",
      "ಜಯನಗರ"
    ]
  },
  {
    "value": "3",
    "synonyms": [
      "4",
      "ಮಲ್ಲೇಶ್ವರಂ"
    ]
  },
  {
    "value": "4",
    "synonyms": [
      "2",
      "ವೈಟ್‌ಫೀಲ್ಡ್"
    ]
  },
  {
    "value": "14",
    "synonyms": [
      "5",
      "ಎಮ್ಹೆಚ್-ಕ್ಲಿನಿಕ್ - ಬ್ರೂಕ್ಫೀಲ್ಡ್"
    ]
  }
]