[
  {
    "value": "7",
    "synonyms": [
      "3",
      "ದ್ವಾರಕಾ - ದೆಹಲಿ"
    ]
  },
  {
    "value": "8",
    "synonyms": [
      "6",
      "ಗೋವಾ"
    ]
  },
  {
    "value": "9",
    "synonyms": [
      "5",
      "ಜೈಪುರ"
    ]
  },
  {
    "value": "10",
    "synonyms": [
      "2",
      "ಮಂಗಳೂರು"
    ]
  },
  {
    "value": "11",
    "synonyms": [
      "7",
      "ಸೇಲಂ"
    ]
  },
  {
    "value": "12",
    "synonyms": [
      "4",
      "ವಿಜಯವಾಡ"
    ]
  }
]