[
  {
    "value": "1",
    "synonyms": [
      "1",
      "പഴയ എയർപോർട്ട് റോഡ്"
    ]
  },
  {
    "value": "2",
    "synonyms": [
      "3",
      "ജയനഗർ"
    ]
  },
  {
    "value": "3",
    "synonyms": [
      "4",
      "മല്ലേശ്വരം"
    ]
  },
  {
    "value": "4",
    "synonyms": [
      "2",
      "വൈറ്റ്ഫീൽഡ്"
    ]
  },
  {
    "value": "14",
    "synonyms": [
      "5",
      "MH- ക്ലിനിക് - ബ്രൂക്ക്ഫീൽഡ്"
    ]
  }
]