[
  {
    "value": "7",
    "synonyms": [
      "3",
      "ദ്വാരക - ദില്ലി"
    ]
  },
  {
    "value": "8",
    "synonyms": [
      "6",
      "ഗോവ"
    ]
  },
  {
    "value": "9",
    "synonyms": [
      "5",
      "ജയ്പൂർ"
    ]
  },
  {
    "value": "10",
    "synonyms": [
      "2",
      "മംഗലാപുരം"
    ]
  },
  {
    "value": "11",
    "synonyms": [
      "7",
      "സേലം"
    ]
  },
  {
    "value": "12",
    "synonyms": [
      "4",
      "വിജയവാഡ"
    ]
  }
]