[
  {
    "value": "1",
    "synonyms": [
      "1",
      "जुना विमानतळ रोड"
    ]
  },
  {
    "value": "2",
    "synonyms": [
      "2",
      "जयनगर"
    ]
  },
  {
    "value": "3",
    "synonyms": [
      "3",
      "मल्लेश्वरम"
    ]
  },
  {
    "value": "4",
    "synonyms": [
      "4",
      "व्हाइटफील्ड"
    ]
  },
  {
    "value": "14",
    "synonyms": [
      "14",
      "एमएच-क्लिनिक - ब्रूकफील्ड"
    ]
  }
]