[
  {
    "value": "7",
    "synonyms": [
      "7",
      "द्वारका - दिल्ली"
    ]
  },
  {
    "value": "8",
    "synonyms": [
      "8",
      "गोवा"
    ]
  },
  {
    "value": "9",
    "synonyms": [
      "9",
      "जयपूर"
    ]
  },
  {
    "value": "10",
    "synonyms": [
      "10",
      "मंगलोर"
    ]
  },
  {
    "value": "11",
    "synonyms": [
      "11",
      "सालेम"
    ]
  },
  {
    "value": "12",
    "synonyms": [
      "12",
      "विजयवाडा"
    ]
  }
]