[
  {
    "value": "57",
    "synonyms": [
      "57",
      "Accident and Emergency Care"
    ]
  },
  {
    "value": "2",
    "synonyms": [
      "2",
      "Cancer Care"
    ]
  },
  {
    "value": "3",
    "synonyms": [
      "3",
      "Cardiology"
    ]
  },
  {
    "value": "6",
    "synonyms": [
      "6",
      "Gastrointestinal Science"
    ]
  },
  {
    "value": "62",
    "synonyms": [
      "62",
      "Laparoscopic Surgery"
    ]
  },
  {
    "value": "8",
    "synonyms": [
      "8",
      "Nephrology"
    ]
  },
  {
    "value": "9",
    "synonyms": [
      "9",
      "Neurology"
    ]
  },
  {
    "value": "58",
    "synonyms": [
      "58",
      "Neurosurgery"
    ]
  },
  {
    "value": "10",
    "synonyms": [
      "10",
      "Obstetrics and Gynaecology"
    ]
  },
  {
    "value": "12",
    "synonyms": [
      "12",
      "Orthopaedics"
    ]
  },
  {
    "value": "4",
    "synonyms": [
      "4",
      "Paediatric And Child Care"
    ]
  },
  {
    "value": "13",
    "synonyms": [
      "13",
      "Rheumatology"
    ]
  },
  {
    "value": "14",
    "synonyms": [
      "14",
      "Spine Care"
    ]
  },
  {
    "value": "15",
    "synonyms": [
      "15",
      "Urology"
    ]
  },
  {
    "value": "17",
    "synonyms": [
      "17",
      "Anesthesiology"
    ]
  },
  {
    "value": "21",
    "synonyms": [
      "21",
      "Dental Medicine"
    ]
  },
  {
    "value": "22",
    "synonyms": [
      "22",
      "Dermatology"
    ]
  },
  {
    "value": "23",
    "synonyms": [
      "23",
      "Diabetes and Endocrinology"
    ]
  },
  {
    "value": "24",
    "synonyms": [
      "24",
      "Ear Nose Throat"
    ]
  },
  {
    "value": "26",
    "synonyms": [
      "26",
      "General Medicine"
    ]
  },
  {
    "value": "28",
    "synonyms": [
      "28",
      "General Surgery"
    ]
  },
  {
    "value": "31",
    "synonyms": [
      "31",
      "Hand Surgery"
    ]
  },
  {
    "value": "37",
    "synonyms": [
      "37",
      "Internal Medicine"
    ]
  },
  {
    "value": "40",
    "synonyms": [
      "40",
      "Neonatology \u0026 NICU"
    ]
  },
  {
    "value": "42",
    "synonyms": [
      "42",
      "Nutrition And Dietetics"
    ]
  },
  {
    "value": "43",
    "synonyms": [
      "43",
      "Ophthalmology"
    ]
  },
  {
    "value": "59",
    "synonyms": [
      "59",
      "Physiotherapy"
    ]
  },
  {
    "value": "46",
    "synonyms": [
      "46",
      "Plastic And Cosmetic Surgery"
    ]
  },
  {
    "value": "48",
    "synonyms": [
      "48",
      "Psychiatry"
    ]
  },
  {
    "value": "50",
    "synonyms": [
      "50",
      "Pulmonology (Respiratory and Sleep Medicine)"
    ]
  },
  {
    "value": "51",
    "synonyms": [
      "51",
      "Radiology"
    ]
  },
  {
    "value": "56",
    "synonyms": [
      "56",
      "Sports Medicine"
    ]
  },
  {
    "value": "63",
    "synonyms": [
      "63",
      "Vascular and Endovascular Surgery"
    ]
  },
  {
    "value": "60",
    "synonyms": [
      "60",
      "Pathology"
    ]
  },
  {
    "value": "44",
    "synonyms": [
      "44",
      "Pain Medicine"
    ]
  },
  {
    "value": "71",
    "synonyms": [
      "71",
      "Paediatric Endocrinology"
    ]
  },
  {
    "value": "65",
    "synonyms": [
      "65",
      "Paediatric Surgery"
    ]
  },
  {
    "value": "70",
    "synonyms": [
      "70",
      "Radiotherapy (Oncology Radiation)\""
    ]
  },
  {
    "value": "5",
    "synonyms": [
      "5",
      "Cardiothoracic Vascular Surgery"
    ]
  },
  {
    "value": "7",
    "synonyms": [
      "7",
      "Liver Transplantation Surgery"
    ]
  },
  {
    "value": "18",
    "synonyms": [
      "18",
      "Bariatric Surgery"
    ]
  },
  {
    "value": "25",
    "synonyms": [
      "25",
      "Fetal Medicine"
    ]
  },
  {
    "value": "29",
    "synonyms": [
      "29",
      "Geriatric Medicine"
    ]
  },
  {
    "value": "34",
    "synonyms": [
      "34",
      "Hepatobiliary Surgery"
    ]
  },
  {
    "value": "35",
    "synonyms": [
      "35",
      "ICU and Critical Care"
    ]
  },
  {
    "value": "36",
    "synonyms": [
      "36",
      "Infectious Disease"
    ]
  },
  {
    "value": "39",
    "synonyms": [
      "39",
      "Laboratory Medicine"
    ]
  },
  {
    "value": "41",
    "synonyms": [
      "41",
      "Nuclear Medicine"
    ]
  },
  {
    "value": "49",
    "synonyms": [
      "49",
      "Psychology"
    ]
  },
  {
    "value": "52",
    "synonyms": [
      "52",
      "Rehabilitation Medicine"
    ]
  },
  {
    "value": "64",
    "synonyms": [
      "64",
      "Transfusion Medicine"
    ]
  },
  {
    "value": "38",
    "synonyms": [
      "38",
      "IVF and Infertility"
    ]
  },
  {
    "value": "20",
    "synonyms": [
      "20",
      "Clinical Psychology"
    ]
  },
  {
    "value": "61",
    "synonyms": [
      "61",
      "Microbiology"
    ]
  },
  {
    "value": "69",
    "synonyms": [
      "69",
      "Heart Care Clinic"
    ]
  },
  {
    "value": "67",
    "synonyms": [
      "67",
      "Lifestyle Clinic"
    ]
  },
  {
    "value": "68",
    "synonyms": [
      "68",
      "Liver Clinic"
    ]
  },
  {
    "value": "27",
    "synonyms": [
      "27",
      "Genetics"
    ]
  },
  {
    "value": "47",
    "synonyms": [
      "47",
      "Podiatric Surgery"
    ]
  },
  {
    "value": "53",
    "synonyms": [
      "53",
      "Renal Sciences"
    ]
  },
  {
    "value": "11",
    "synonyms": [
      "11",
      "Organ Transplant"
    ]
  },
  {
    "value": "19",
    "synonyms": [
      "19",
      "Bone Marrow Transplantation"
    ]
  },
  {
    "value": "33",
    "synonyms": [
      "33",
      "Hematology"
    ]
  },
  {
    "value": "55",
    "synonyms": [
      "55",
      "Robotic Assisted Surgery"
    ]
  },
  {
    "value": "32",
    "synonyms": [
      "32",
      "Hemato Oncology"
    ]
  }
]