[
  {
    "value": "7",
    "synonyms": [
      "7",
      "துவாரகா - டெல்லி"
    ]
  },
  {
    "value": "8",
    "synonyms": [
      "8",
      "கோவா"
    ]
  },
  {
    "value": "9",
    "synonyms": [
      "9",
      "ஜெய்ப்பூர்"
    ]
  },
  {
    "value": "10",
    "synonyms": [
      "10",
      "மங்களூர்"
    ]
  },
  {
    "value": "11",
    "synonyms": [
      "11",
      "சேலம்"
    ]
  },
  {
    "value": "12",
    "synonyms": [
      "12",
      "விஜயவாடா"
    ]
  }
]