[
  {
    "value": "1",
    "synonyms": [
      "1",
      "பழைய விமான நிலைய சாலை"
    ]
  },
  {
    "value": "2",
    "synonyms": [
      "2",
      "ஜெயநகர்"
    ]
  },
  {
    "value": "3",
    "synonyms": [
      "3",
      "மல்லேஸ்வரம்"
    ]
  },
  {
    "value": "4",
    "synonyms": [
      "4",
      "வைட்ஃபீல்ட்"
    ]
  },
  {
    "value": "14",
    "synonyms": [
      "14",
      "எம்.எச்-கிளினிக் - ப்ரூக்ஃபீல்ட்"
    ]
  }
]