[
  {
    "value": "1",
    "synonyms": [
      "1",
      "పాత విమానాశ్రయం రోడ్"
    ]
  },
  {
    "value": "2",
    "synonyms": [
      "3",
      "జయనగర్"
    ]
  },
  {
    "value": "3",
    "synonyms": [
      "4",
      "మల్లేశ్వరం"
    ]
  },
  {
    "value": "4",
    "synonyms": [
      "2",
      "వైట్ఫీల్డ్"
    ]
  },
  {
    "value": "14",
    "synonyms": [
      "5",
      "MH- క్లినిక్ - బ్రూక్‌ఫీల్డ్"
    ]
  }
]