[
  {
    "value": "7",
    "synonyms": [
      "3",
      "ద్వారక - .ిల్లీ"
    ]
  },
  {
    "value": "8",
    "synonyms": [
      "6",
      "గోవా"
    ]
  },
  {
    "value": "9",
    "synonyms": [
      "5",
      "జైపూర్"
    ]
  },
  {
    "value": "10",
    "synonyms": [
      "2",
      "మంగుళూరు"
    ]
  },
  {
    "value": "11",
    "synonyms": [
      "7",
      "సేలం"
    ]
  },
  {
    "value": "12",
    "synonyms": [
      "4",
      "విజయవాడ"
    ]
  }
]